{
  "season": "2014",
  "games_analyzed": 267,
  "bets_placed": 267,
  "winning_bets": 154,
  "win_rate": 0.5767790262172284,
  "total_profit": 14512.500000000033,
  "final_bankroll": 64512.49999999949,
  "season_roi": 29.025000000000066,
  "bankroll_growth": 0.2902499999999898
}