{
  "season": "2024",
  "games_analyzed": 285,
  "bets_placed": 285,
  "winning_bets": 156,
  "win_rate": 0.5473684210526316,
  "total_profit": 6889.772727272719,
  "final_bankroll": 56889.77272727221,
  "season_roi": 13.779545454545438,
  "bankroll_growth": 0.13779545454544423
}