{
  "season": "2021",
  "games_analyzed": 285,
  "bets_placed": 285,
  "winning_bets": 148,
  "win_rate": 0.519298245614035,
  "total_profit": -1319.3181818181629,
  "final_bankroll": 48680.68181818133,
  "season_roi": -2.6386363636363255,
  "bankroll_growth": -0.026386363636373426
}