{
  "season": "2020",
  "games_analyzed": 269,
  "bets_placed": 269,
  "winning_bets": 134,
  "win_rate": 0.49814126394052044,
  "total_profit": -7085.227272727265,
  "final_bankroll": 42914.772727272284,
  "season_roi": -14.17045454545453,
  "bankroll_growth": -0.14170454545455433
}