{
  "season": "2017",
  "games_analyzed": 267,
  "bets_placed": 267,
  "winning_bets": 153,
  "win_rate": 0.5730337078651685,
  "total_profit": 13486.363636363645,
  "final_bankroll": 63486.36363636313,
  "season_roi": 26.972727272727294,
  "bankroll_growth": 0.2697272727272626
}