{
  "season": "2015",
  "games_analyzed": 267,
  "bets_placed": 267,
  "winning_bets": 145,
  "win_rate": 0.5430711610486891,
  "total_profit": 5277.272727272726,
  "final_bankroll": 55277.27272727225,
  "season_roi": 10.554545454545453,
  "bankroll_growth": 0.10554545454544495
}