{
  "season": "2018",
  "games_analyzed": 267,
  "bets_placed": 267,
  "winning_bets": 159,
  "win_rate": 0.5955056179775281,
  "total_profit": 19643.18181818186,
  "final_bankroll": 69643.18181818163,
  "season_roi": 39.28636363636372,
  "bankroll_growth": 0.3928636363636327
}