{
  "season": "2022",
  "games_analyzed": 284,
  "bets_placed": 284,
  "winning_bets": 161,
  "win_rate": 0.5669014084507042,
  "total_profit": 12557.954545454555,
  "final_bankroll": 62557.95454545401,
  "season_roi": 25.11590909090911,
  "bankroll_growth": 0.2511590909090803
}