{
  "season": "2016",
  "games_analyzed": 267,
  "bets_placed": 267,
  "winning_bets": 156,
  "win_rate": 0.5842696629213483,
  "total_profit": 16564.772727272757,
  "final_bankroll": 66564.77272727224,
  "season_roi": 33.129545454545514,
  "bankroll_growth": 0.3312954545454448
}