{
  "season": "2019",
  "games_analyzed": 267,
  "bets_placed": 267,
  "winning_bets": 139,
  "win_rate": 0.5205992509363296,
  "total_profit": -879.5454545454494,
  "final_bankroll": 49120.454545454086,
  "season_roi": -1.7590909090908986,
  "bankroll_growth": -0.017590909090918285
}