{
  "season": "2023",
  "games_analyzed": 285,
  "bets_placed": 285,
  "winning_bets": 161,
  "win_rate": 0.5649122807017544,
  "total_profit": 12020.454545454566,
  "final_bankroll": 62020.45454545401,
  "season_roi": 24.040909090909132,
  "bankroll_growth": 0.24040909090908025
}