{
  "generated_at": "20251109_164330",
  "schema_version": "2.0",
  "seasons": {
    "start": 2023,
    "end": 2023
  },
  "metrics": {
    "schema_version": "2.0",
    "games": 272,
    "markets": {
      "spread": {
        "bets": 272,
        "wins": 137,
        "losses": 135,
        "pushes": 0,
        "win_rate": 0.5036764705882353,
        "roi": -0.1935555555555555,
        "total_profit": -0.5225999999999998,
        "total_staked": 2.6999999999999997
      },
      "total": {
        "bets": 272,
        "wins": 130,
        "losses": 142,
        "pushes": 0,
        "win_rate": 0.47794117647058826,
        "roi": -0.0025555555555555106,
        "total_profit": -0.0068999999999998785,
        "total_staked": 2.6999999999999997
      },
      "moneyline": {
        "bets": 272,
        "wins": 121,
        "losses": 151,
        "pushes": 0,
        "win_rate": 0.44485294117647056,
        "roi": 1.5000000000000002,
        "total_profit": 0.1796875,
        "total_staked": 0.11979166666666664
      }
    },
    "by_season": {
      "spread": [
        {
          "season": 2023,
          "bets": 272,
          "wins": 137,
          "win_rate": 0.5036764705882353,
          "profit": -0.5225999999999998,
          "roi": -0.1935555555555555
        }
      ],
      "total": [
        {
          "season": 2023,
          "bets": 272,
          "wins": 130,
          "win_rate": 0.47794117647058826,
          "profit": -0.0068999999999998785,
          "roi": -0.0025555555555555106
        }
      ],
      "moneyline": [
        {
          "season": 2023,
          "bets": 272,
          "wins": 121,
          "win_rate": 0.44485294117647056,
          "profit": 0.1796875,
          "roi": 1.5000000000000002
        }
      ]
    },
    "risk_metrics": {
      "spread": {
        "sharpe": -1.2921815244838206,
        "max_drawdown": 0.5559000000000007,
        "calmar": -0.8898361102385258,
        "annual_return": -0.49465989368159713
      },
      "total": {
        "sharpe": 0.09491036624689747,
        "max_drawdown": 0.17248562619781674,
        "calmar": -0.03693597783956011,
        "annual_return": -0.006370925266885208
      },
      "moneyline": {
        "sharpe": 11.32949557216599,
        "max_drawdown": 0.0,
        "calmar": 0.0,
        "annual_return": 0.16478680152527225
      }
    }
  },
  "referee_analysis": {
    "records": [
      {
        "referee_name": "Adrian Hill",
        "games": 16,
        "spread_win_rate": 0.5625,
        "spread_profit": -0.04079999999999999,
        "spread_roi": -0.002549999999999999,
        "moneyline_win_rate": 0.0,
        "avg_margin": 4.625,
        "avg_bias": NaN,
        "avg_penalties": NaN
      },
      {
        "referee_name": "Alan Eck",
        "games": 15,
        "spread_win_rate": 0.6,
        "spread_profit": 0.07650000000000001,
        "spread_roi": 0.005100000000000001,
        "moneyline_win_rate": 0.0,
        "avg_margin": -1.0666666666666667,
        "avg_bias": NaN,
        "avg_penalties": NaN
      },
      {
        "referee_name": "Alex Kemp",
        "games": 16,
        "spread_win_rate": 0.5,
        "spread_profit": 0.024600000000000004,
        "spread_roi": 0.0015375000000000002,
        "moneyline_win_rate": 0.0,
        "avg_margin": 3.6875,
        "avg_bias": NaN,
        "avg_penalties": NaN
      },
      {
        "referee_name": "Bill Vinovich",
        "games": 29,
        "spread_win_rate": 0.5517241379310345,
        "spread_profit": -0.10079999999999999,
        "spread_roi": -0.0034758620689655166,
        "moneyline_win_rate": 0.0,
        "avg_margin": 2.4482758620689653,
        "avg_bias": NaN,
        "avg_penalties": NaN
      },
      {
        "referee_name": "Brad Allen",
        "games": 27,
        "spread_win_rate": 0.5555555555555556,
        "spread_profit": -0.008099999999999993,
        "spread_roi": -0.0002999999999999995,
        "moneyline_win_rate": 0.0,
        "avg_margin": -2.1481481481481484,
        "avg_bias": NaN,
        "avg_penalties": NaN
      },
      {
        "referee_name": "Carl Cheffers",
        "games": 14,
        "spread_win_rate": 0.5,
        "spread_profit": -0.09539999999999998,
        "spread_roi": -0.006814285714285713,
        "moneyline_win_rate": 0.0,
        "avg_margin": 2.0714285714285716,
        "avg_bias": NaN,
        "avg_penalties": NaN
      },
      {
        "referee_name": "Clay Martin",
        "games": 20,
        "spread_win_rate": 0.5,
        "spread_profit": -0.06539999999999999,
        "spread_roi": -0.0032699999999999995,
        "moneyline_win_rate": 0.0,
        "avg_margin": 0.3,
        "avg_bias": NaN,
        "avg_penalties": NaN
      },
      {
        "referee_name": "Clete Blakeman",
        "games": 19,
        "spread_win_rate": 0.47368421052631576,
        "spread_profit": -0.038099999999999995,
        "spread_roi": -0.002005263157894736,
        "moneyline_win_rate": 0.0,
        "avg_margin": 2.6842105263157894,
        "avg_bias": NaN,
        "avg_penalties": NaN
      },
      {
        "referee_name": "John Hussey",
        "games": 27,
        "spread_win_rate": 0.48148148148148145,
        "spread_profit": -0.1281,
        "spread_roi": -0.004744444444444444,
        "moneyline_win_rate": 0.0,
        "avg_margin": 3.2222222222222223,
        "avg_bias": NaN,
        "avg_penalties": NaN
      },
      {
        "referee_name": "Land Clark",
        "games": 15,
        "spread_win_rate": 0.5333333333333333,
        "spread_profit": -0.035399999999999994,
        "spread_roi": -0.0023599999999999997,
        "moneyline_win_rate": 0.0,
        "avg_margin": 5.066666666666666,
        "avg_bias": NaN,
        "avg_penalties": NaN
      },
      {
        "referee_name": "Ron Torbert",
        "games": 17,
        "spread_win_rate": 0.47058823529411764,
        "spread_profit": -0.005399999999999995,
        "spread_roi": -0.0003176470588235291,
        "moneyline_win_rate": 0.0,
        "avg_margin": 6.0,
        "avg_bias": NaN,
        "avg_penalties": NaN
      },
      {
        "referee_name": "Shawn Hochuli",
        "games": 16,
        "spread_win_rate": 0.3125,
        "spread_profit": -0.12269999999999999,
        "spread_roi": -0.007668749999999999,
        "moneyline_win_rate": 0.0,
        "avg_margin": 6.75,
        "avg_bias": NaN,
        "avg_penalties": NaN
      },
      {
        "referee_name": "Shawn Smith",
        "games": 24,
        "spread_win_rate": 0.3333333333333333,
        "spread_profit": -0.03269999999999999,
        "spread_roi": -0.0013624999999999998,
        "moneyline_win_rate": 0.0,
        "avg_margin": 3.7916666666666665,
        "avg_bias": NaN,
        "avg_penalties": NaN
      },
      {
        "referee_name": "Tra Blake",
        "games": 17,
        "spread_win_rate": 0.7058823529411765,
        "spread_profit": 0.04920000000000001,
        "spread_roi": 0.002894117647058824,
        "moneyline_win_rate": 0.0,
        "avg_margin": 2.9411764705882355,
        "avg_bias": NaN,
        "avg_penalties": NaN
      }
    ],
    "bias_vs_margin_corr": null,
    "penalties_vs_spread_win_corr": null,
    "top_home_bias_crews": [
      {
        "referee_name": "Adrian Hill",
        "games": 16,
        "spread_win_rate": 0.5625,
        "spread_profit": -0.04079999999999999,
        "spread_roi": -0.002549999999999999,
        "moneyline_win_rate": 0.0,
        "avg_margin": 4.625,
        "avg_bias": NaN,
        "avg_penalties": NaN
      },
      {
        "referee_name": "Alan Eck",
        "games": 15,
        "spread_win_rate": 0.6,
        "spread_profit": 0.07650000000000001,
        "spread_roi": 0.005100000000000001,
        "moneyline_win_rate": 0.0,
        "avg_margin": -1.0666666666666667,
        "avg_bias": NaN,
        "avg_penalties": NaN
      },
      {
        "referee_name": "Alex Kemp",
        "games": 16,
        "spread_win_rate": 0.5,