{
  "system_info": {
    "run_id": "20251019_175328",
    "bankroll": 5000.0,
    "max_exposure": 500.0,
    "sport_type": "nfl",
    "test_mode": false,
    "fake_money": true,
    "mode": "FAKE MONEY TESTING"
  },
  "odds_collection": {
    "games_found": 7,
    "h2h_opportunities": 37,
    "spread_opportunities": 38,
    "total_opportunities": 38,
    "prop_opportunities": 0,
    "sport_type": "nfl"
  },
  "ai_analysis": {
    "games_analyzed": 7,
    "ai_recommendations": 5,
    "confidence_scores": {},
    "sport_type": "nfl"
  },
  "recommendations": {
    "total_recommendations": 33,
    "by_market_type": {
      "moneyline": 10,
      "spreads": 22,
      "totals": 1,
      "props": 0
    },
    "total_expected_value": 140.7474259126981,
    "sport_type": "nfl"
  },
  "final_portfolio": {
    "bets_selected": 33,
    "total_exposure": 500.0,
    "portfolio_expected_value": 140.7474259126981,
    "sport_type": "nfl",
    "fake_money_mode": true,
    "performance_metrics": {
      "predictions_made": 0,
      "predictions_correct": 0,
      "total_edge_analyzed": 33,
      "avg_edge_found": 4.265073512506003,
      "games_analyzed": 0,
      "recommendations_generated": 33,
      "accuracy_by_market": {
        "moneyline": 10,
        "spreads": 22,
        "totals": 1,
        "props": 0
      },
      "edge_distribution": [
        9.256016042780752,
        6.590721649484534,
        6.428795811518324,
        6.428795811518324,
        6.2048128342246,
        5.528795811518325,
        5.528795811518325,
        5.528795811518325,
        5.417989417989418,
        5.310989010989012,
        5.3048128342246015,
        5.2,
        5.023529411764706,
        5.023529411764706,
        4.866666666666667,
        4.866666666666667,
        3.666891891891892,
        3.57827868852459,
        3.3830985915492957,
        3.3036096256684506,
        3.0832417582417593,
        3.075,
        2.8666666666666667,
        2.8666666666666667,
        2.850423728813559,
        2.810169491525424,
        2.796596858638743,
        2.62860962566845,
        2.5418918918918925,
        2.5418918918918925,
        2.5418918918918925,
        2.4532786885245903,
        1.2495049504950495
      ],
      "confidence_distribution": []
    }
  },
  "performance_metrics": {
    "predictions_made": 0,
    "predictions_correct": 0,
    "total_edge_analyzed": 33,
    "avg_edge_found": 4.265073512506003,
    "games_analyzed": 0,
    "recommendations_generated": 33,
    "accuracy_by_market": {
      "moneyline": 10,
      "spreads": 22,
      "totals": 1,
      "props": 0
    },
    "edge_distribution": [
      9.256016042780752,
      6.590721649484534,
      6.428795811518324,
      6.428795811518324,
      6.2048128342246,
      5.528795811518325,
      5.528795811518325,
      5.528795811518325,
      5.417989417989418,
      5.310989010989012,
      5.3048128342246015,
      5.2,
      5.023529411764706,
      5.023529411764706,
      4.866666666666667,
      4.866666666666667,
      3.666891891891892,
      3.57827868852459,
      3.3830985915492957,
      3.3036096256684506,
      3.0832417582417593,
      3.075,
      2.8666666666666667,
      2.8666666666666667,
      2.850423728813559,
      2.810169491525424,
      2.796596858638743,
      2.62860962566845,
      2.5418918918918925,
      2.5418918918918925,
      2.5418918918918925,
      2.4532786885245903,
      1.2495049504950495
    ],
    "confidence_distribution": []
  }
}