{
  "system_info": {
    "run_id": "20251019_174925",
    "bankroll": 5000.0,
    "max_exposure": 500.0,
    "sport_type": "nfl",
    "test_mode": false,
    "fake_money": true,
    "mode": "FAKE MONEY TESTING"
  },
  "odds_collection": {
    "games_found": 7,
    "h2h_opportunities": 37,
    "spread_opportunities": 38,
    "total_opportunities": 38,
    "prop_opportunities": 0,
    "sport_type": "nfl"
  },
  "ai_analysis": {
    "games_analyzed": 7,
    "ai_recommendations": 6,
    "confidence_scores": {},
    "sport_type": "nfl"
  },
  "recommendations": {
    "total_recommendations": 40,
    "by_market_type": {
      "moneyline": 11,
      "spreads": 14,
      "totals": 15,
      "props": 0
    },
    "total_expected_value": 147.77034919543652,
    "sport_type": "nfl"
  },
  "final_portfolio": {
    "bets_selected": 40,
    "total_exposure": 0.0,
    "portfolio_expected_value": 147.77034919543652,
    "sport_type": "nfl",
    "fake_money_mode": true,
    "performance_metrics": {
      "predictions_made": 0,
      "predictions_correct": 0,
      "total_edge_analyzed": 40,
      "avg_edge_found": 3.694258729885913,
      "games_analyzed": 0,
      "recommendations_generated": 40,
      "accuracy_by_market": {
        "moneyline": 11,
        "spreads": 14,
        "totals": 15,
        "props": 0
      },
      "edge_distribution": [
        16.148737373737372,
        14.65601604278075,
        14.511486486486488,
        14.511486486486488,
        14.281016042780747,
        4.531818181818182,
        4.531818181818182,
        4.35,
        4.266666666666667,
        3.5332786885245913,
        3.5330985915492956,
        3.171666666666665,
        3.109310344827587,
        3.034925373134328,
        3.030423728813558,
        2.9896969696969693,
        2.9896969696969693,
        2.9896969696969693,
        2.943076923076923,
        2.943076923076923,
        2.7840697674418586,
        1.3243979057591626,
        1.2643979057591614,
        1.2408510638297876,
        1.2124064171123006,
        1.1545945945945957,
        1.1545945945945957,
        1.1524064171122994,
        1.0355191256830598,
        1.0308510638297874,
        0.9445945945945955,
        0.9445945945945955,
        0.9444444444444433,
        0.8855191256830608,
        0.8855191256830608,
        0.7843979057591621,
        0.7843979057591621,
        0.7843979057591621,
        0.728994708994708,
        0.6724064171123001
      ],
      "confidence_distribution": []
    }
  },
  "performance_metrics": {
    "predictions_made": 0,
    "predictions_correct": 0,
    "total_edge_analyzed": 40,
    "avg_edge_found": 3.694258729885913,
    "games_analyzed": 0,
    "recommendations_generated": 40,
    "accuracy_by_market": {
      "moneyline": 11,
      "spreads": 14,
      "totals": 15,
      "props": 0
    },
    "edge_distribution": [
      16.148737373737372,
      14.65601604278075,
      14.511486486486488,
      14.511486486486488,
      14.281016042780747,
      4.531818181818182,
      4.531818181818182,
      4.35,
      4.266666666666667,
      3.5332786885245913,
      3.5330985915492956,
      3.171666666666665,
      3.109310344827587,
      3.034925373134328,
      3.030423728813558,
      2.9896969696969693,
      2.9896969696969693,
      2.9896969696969693,
      2.943076923076923,
      2.943076923076923,
      2.7840697674418586,
      1.3243979057591626,
      1.2643979057591614,
      1.2408510638297876,
      1.2124064171123006,
      1.1545945945945957,
      1.1545945945945957,
      1.1524064171122994,
      1.0355191256830598,
      1.0308510638297874,
      0.9445945945945955,
      0.9445945945945955,
      0.9444444444444433,
      0.8855191256830608,
      0.8855191256830608,
      0.7843979057591621,
      0.7843979057591621,
      0.7843979057591621,
      0.728994708994708,
      0.6724064171123001
    ],
    "confidence_distribution": []
  }
}