{
  "system_info": {
    "run_id": "20251019_174909",
    "bankroll": 5000.0,
    "max_exposure": 500.0,
    "sport_type": "nfl",
    "test_mode": false,
    "fake_money": true,
    "mode": "FAKE MONEY TESTING"
  },
  "odds_collection": {
    "games_found": 7,
    "h2h_opportunities": 37,
    "spread_opportunities": 38,
    "total_opportunities": 38,
    "prop_opportunities": 0,
    "sport_type": "nfl"
  },
  "ai_analysis": {
    "games_analyzed": 7,
    "ai_recommendations": 6,
    "confidence_scores": {},
    "sport_type": "nfl"
  },
  "recommendations": {
    "total_recommendations": 40,
    "by_market_type": {
      "moneyline": 11,
      "spreads": 14,
      "totals": 15,
      "props": 0
    },
    "total_expected_value": 150.90716487738072,
    "sport_type": "nfl"
  },
  "final_portfolio": {
    "bets_selected": 40,
    "total_exposure": 0.0,
    "portfolio_expected_value": 150.90716487738072,
    "sport_type": "nfl",
    "fake_money_mode": true,
    "performance_metrics": {
      "predictions_made": 0,
      "predictions_correct": 0,
      "total_edge_analyzed": 40,
      "avg_edge_found": 3.772679121934518,
      "games_analyzed": 0,
      "recommendations_generated": 40,
      "accuracy_by_market": {
        "moneyline": 11,
        "spreads": 14,
        "totals": 15,
        "props": 0
      },
      "edge_distribution": [
        16.148737373737372,
        14.65601604278075,
        14.511486486486488,
        14.511486486486488,
        14.281016042780747,
        4.645862068965517,
        4.551818181818182,
        4.446923076923078,
        4.37,
        3.5530985915492956,
        3.5332786885245913,
        3.171666666666665,
        3.119999999999999,
        3.109310344827587,
        3.034925373134328,
        3.030423728813558,
        2.9896969696969693,
        2.9896969696969693,
        2.9896969696969693,
        2.943076923076923,
        2.943076923076923,
        2.7840697674418586,
        1.6517948717948705,
        1.3243979057591626,
        1.2824064171123006,
        1.2443979057591614,
        1.2408510638297876,
        1.2124064171123006,
        1.1545945945945957,
        1.1545945945945957,
        1.0508510638297874,
        1.0224064171123004,
        0.9645945945945955,
        0.9645945945945955,
        0.9055191256830608,
        0.7843979057591621,
        0.7843979057591621,
        0.7843979057591621,
        0.728994708994708,
        0.33620320855615005
      ],
      "confidence_distribution": []
    }
  },
  "performance_metrics": {
    "predictions_made": 0,
    "predictions_correct": 0,
    "total_edge_analyzed": 40,
    "avg_edge_found": 3.772679121934518,
    "games_analyzed": 0,
    "recommendations_generated": 40,
    "accuracy_by_market": {
      "moneyline": 11,
      "spreads": 14,
      "totals": 15,
      "props": 0
    },
    "edge_distribution": [
      16.148737373737372,
      14.65601604278075,
      14.511486486486488,
      14.511486486486488,
      14.281016042780747,
      4.645862068965517,
      4.551818181818182,
      4.446923076923078,
      4.37,
      3.5530985915492956,
      3.5332786885245913,
      3.171666666666665,
      3.119999999999999,
      3.109310344827587,
      3.034925373134328,
      3.030423728813558,
      2.9896969696969693,
      2.9896969696969693,
      2.9896969696969693,
      2.943076923076923,
      2.943076923076923,
      2.7840697674418586,
      1.6517948717948705,
      1.3243979057591626,
      1.2824064171123006,
      1.2443979057591614,
      1.2408510638297876,
      1.2124064171123006,
      1.1545945945945957,
      1.1545945945945957,
      1.0508510638297874,
      1.0224064171123004,
      0.9645945945945955,
      0.9645945945945955,
      0.9055191256830608,
      0.7843979057591621,
      0.7843979057591621,
      0.7843979057591621,
      0.728994708994708,
      0.33620320855615005
    ],
    "confidence_distribution": []
  }
}