{
  "system_info": {
    "run_id": "20251019_175138",
    "bankroll": 5000.0,
    "max_exposure": 500.0,
    "sport_type": "nfl",
    "test_mode": false,
    "fake_money": true,
    "mode": "FAKE MONEY TESTING"
  },
  "odds_collection": {
    "games_found": 7,
    "h2h_opportunities": 37,
    "spread_opportunities": 38,
    "total_opportunities": 38,
    "prop_opportunities": 0,
    "sport_type": "nfl"
  },
  "ai_analysis": {
    "games_analyzed": 7,
    "ai_recommendations": 5,
    "confidence_scores": {},
    "sport_type": "nfl"
  },
  "recommendations": {
    "total_recommendations": 31,
    "by_market_type": {
      "moneyline": 10,
      "spreads": 21,
      "totals": 0,
      "props": 0
    },
    "total_expected_value": 158.9034564962479,
    "sport_type": "nfl"
  },
  "final_portfolio": {
    "bets_selected": 31,
    "total_exposure": 0.0,
    "portfolio_expected_value": 158.9034564962479,
    "sport_type": "nfl",
    "fake_money_mode": true,
    "performance_metrics": {
      "predictions_made": 0,
      "predictions_correct": 0,
      "total_edge_analyzed": 31,
      "avg_edge_found": 5.125917951491868,
      "games_analyzed": 0,
      "recommendations_generated": 31,
      "accuracy_by_market": {
        "moneyline": 10,
        "spreads": 21,
        "totals": 0,
        "props": 0
      },
      "edge_distribution": [
        11.120098039215689,
        9.256016042780752,
        9.256016042780752,
        7.137305699481864,
        7.028795811518325,
        6.428795811518324,
        6.2048128342246,
        6.08918918918919,
        5.850276243093921,
        5.828795811518324,
        5.528795811518325,
        5.528795811518325,
        5.528795811518325,
        5.485714285714286,
        5.417989417989418,
        5.330434782608695,
        5.3048128342246015,
        5.290909090909091,
        5.174358974358975,
        5.023529411764706,
        3.57827868852459,
        3.342857142857143,
        3.2588235294117647,
        2.9741935483870967,
        2.9213114754098357,
        2.810169491525424,
        2.796596858638743,
        2.62860962566845,
        2.5418918918918925,
        2.5418918918918925,
        1.6945945945945948
      ],
      "confidence_distribution": []
    }
  },
  "performance_metrics": {
    "predictions_made": 0,
    "predictions_correct": 0,
    "total_edge_analyzed": 31,
    "avg_edge_found": 5.125917951491868,
    "games_analyzed": 0,
    "recommendations_generated": 31,
    "accuracy_by_market": {
      "moneyline": 10,
      "spreads": 21,
      "totals": 0,
      "props": 0
    },
    "edge_distribution": [
      11.120098039215689,
      9.256016042780752,
      9.256016042780752,
      7.137305699481864,
      7.028795811518325,
      6.428795811518324,
      6.2048128342246,
      6.08918918918919,
      5.850276243093921,
      5.828795811518324,
      5.528795811518325,
      5.528795811518325,
      5.528795811518325,
      5.485714285714286,
      5.417989417989418,
      5.330434782608695,
      5.3048128342246015,
      5.290909090909091,
      5.174358974358975,
      5.023529411764706,
      3.57827868852459,
      3.342857142857143,
      3.2588235294117647,
      2.9741935483870967,
      2.9213114754098357,
      2.810169491525424,
      2.796596858638743,
      2.62860962566845,
      2.5418918918918925,
      2.5418918918918925,
      1.6945945945945948
    ],
    "confidence_distribution": []
  }
}