{
  "system_info": {
    "run_id": "20251019_214743",
    "bankroll": 5000.0,
    "max_exposure": 500.0,
    "sport_type": "nfl",
    "test_mode": false,
    "fake_money": true,
    "mode": "FAKE MONEY TESTING"
  },
  "odds_collection": {
    "games_found": 13,
    "h2h_opportunities": 57,
    "spread_opportunities": 57,
    "total_opportunities": 57,
    "prop_opportunities": 0,
    "sport_type": "nfl"
  },
  "ai_analysis": {
    "games_analyzed": 13,
    "ai_recommendations": 12,
    "confidence_scores": {},
    "sport_type": "nfl"
  },
  "recommendations": {
    "total_recommendations": 24,
    "by_market_type": {
      "moneyline": 0,
      "spreads": 24,
      "totals": 0,
      "props": 0
    },
    "total_expected_value": 167.81380029128619,
    "sport_type": "nfl"
  },
  "final_portfolio": {
    "bets_selected": 24,
    "total_exposure": 500.0,
    "portfolio_expected_value": 167.81380029128619,
    "sport_type": "nfl",
    "fake_money_mode": true,
    "performance_metrics": {
      "predictions_made": 0,
      "predictions_correct": 0,
      "total_edge_analyzed": 24,
      "avg_edge_found": 6.992241678803591,
      "games_analyzed": 0,
      "recommendations_generated": 24,
      "accuracy_by_market": {
        "moneyline": 0,
        "spreads": 24,
        "totals": 0,
        "props": 0
      },
      "edge_distribution": [
        13.619897959183671,
        12.910994764397907,
        12.910994764397907,
        12.702127659574469,
        6.395918367346938,
        6.3435897435897415,
        6.3435897435897415,
        6.128795811518324,
        6.128795811518324,
        6.043589743589742,
        5.961702127659574,
        5.828795811518324,
        5.661702127659574,
        5.6048128342245995,
        5.6048128342245995,
        5.583333333333334,
        5.528795811518325,
        5.528795811518325,
        5.528795811518325,
        5.528795811518325,
        5.528795811518325,
        5.48918918918919,
        5.48918918918919,
        5.417989417989418
      ],
      "confidence_distribution": []
    }
  },
  "performance_metrics": {
    "predictions_made": 0,
    "predictions_correct": 0,
    "total_edge_analyzed": 24,
    "avg_edge_found": 6.992241678803591,
    "games_analyzed": 0,
    "recommendations_generated": 24,
    "accuracy_by_market": {
      "moneyline": 0,
      "spreads": 24,
      "totals": 0,
      "props": 0
    },
    "edge_distribution": [
      13.619897959183671,
      12.910994764397907,
      12.910994764397907,
      12.702127659574469,
      6.395918367346938,
      6.3435897435897415,
      6.3435897435897415,
      6.128795811518324,
      6.128795811518324,
      6.043589743589742,
      5.961702127659574,
      5.828795811518324,
      5.661702127659574,
      5.6048128342245995,
      5.6048128342245995,
      5.583333333333334,
      5.528795811518325,
      5.528795811518325,
      5.528795811518325,
      5.528795811518325,
      5.528795811518325,
      5.48918918918919,
      5.48918918918919,
      5.417989417989418
    ],
    "confidence_distribution": []
  }
}