{
  "system_info": {
    "run_id": "20250921_133710",
    "bankroll": 25000.0,
    "max_exposure": 2500.0,
    "sport_type": "nfl",
    "test_mode": false,
    "fake_money": true,
    "mode": "FAKE MONEY TESTING"
  },
  "odds_collection": {
    "games_found": 8,
    "h2h_opportunities": 8,
    "spread_opportunities": 8,
    "total_opportunities": 8,
    "prop_opportunities": 6,
    "sport_type": "nfl"
  },
  "ai_analysis": {
    "games_analyzed": 8,
    "ai_recommendations": 5,
    "confidence_scores": {},
    "sport_type": "nfl"
  },
  "recommendations": {
    "total_recommendations": 17,
    "by_market_type": {
      "moneyline": 5,
      "spreads": 5,
      "totals": 5,
      "props": 2
    },
    "total_expected_value": 231.05455703833132,
    "sport_type": "nfl"
  },
  "final_portfolio": {
    "bets_selected": 17,
    "total_exposure": 0.0,
    "portfolio_expected_value": 231.05455703833132,
    "sport_type": "nfl",
    "fake_money_mode": true,
    "performance_metrics": {
      "predictions_made": 0,
      "predictions_correct": 0,
      "total_edge_analyzed": 15,
      "avg_edge_found": 15.403637135888754,
      "games_analyzed": 0,
      "recommendations_generated": 17,
      "accuracy_by_market": {
        "moneyline": 5,
        "spreads": 5,
        "totals": 5,
        "props": 2
      },
      "edge_distribution": [
        25.294724863300956,
        25.238800726128314,
        24.543026498682437,
        17.73333333333333,
        17.19047619047619,
        17.171885721230332,
        16.58181818181818,
        11.99423076923077,
        11.98888888888889,
        11.692857142857143,
        11.654895104895106,
        11.542857142857143,
        11.532743362831859,
        10.333333333333332,
        6.560685778467348
      ],
      "confidence_distribution": []
    }
  },
  "performance_metrics": {
    "predictions_made": 0,
    "predictions_correct": 0,
    "total_edge_analyzed": 15,
    "avg_edge_found": 15.403637135888754,
    "games_analyzed": 0,
    "recommendations_generated": 17,
    "accuracy_by_market": {
      "moneyline": 5,
      "spreads": 5,
      "totals": 5,
      "props": 2
    },
    "edge_distribution": [
      25.294724863300956,
      25.238800726128314,
      24.543026498682437,
      17.73333333333333,
      17.19047619047619,
      17.171885721230332,
      16.58181818181818,
      11.99423076923077,
      11.98888888888889,
      11.692857142857143,
      11.654895104895106,
      11.542857142857143,
      11.532743362831859,
      10.333333333333332,
      6.560685778467348
    ],
    "confidence_distribution": []
  }
}