{
  "system_info": {
    "run_id": "20251019_175221",
    "bankroll": 5000.0,
    "max_exposure": 500.0,
    "sport_type": "nfl",
    "test_mode": false,
    "fake_money": true,
    "mode": "FAKE MONEY TESTING"
  },
  "odds_collection": {
    "games_found": 7,
    "h2h_opportunities": 37,
    "spread_opportunities": 38,
    "total_opportunities": 38,
    "prop_opportunities": 0,
    "sport_type": "nfl"
  },
  "ai_analysis": {
    "games_analyzed": 7,
    "ai_recommendations": 5,
    "confidence_scores": {},
    "sport_type": "nfl"
  },
  "recommendations": {
    "total_recommendations": 32,
    "by_market_type": {
      "moneyline": 10,
      "spreads": 22,
      "totals": 0,
      "props": 0
    },
    "total_expected_value": 148.94683914155632,
    "sport_type": "nfl"
  },
  "final_portfolio": {
    "bets_selected": 32,
    "total_exposure": 0.0,
    "portfolio_expected_value": 148.94683914155632,
    "sport_type": "nfl",
    "fake_money_mode": true,
    "performance_metrics": {
      "predictions_made": 0,
      "predictions_correct": 0,
      "total_edge_analyzed": 32,
      "avg_edge_found": 4.654588723173635,
      "games_analyzed": 0,
      "recommendations_generated": 32,
      "accuracy_by_market": {
        "moneyline": 10,
        "spreads": 22,
        "totals": 0,
        "props": 0
      },
      "edge_distribution": [
        9.256016042780752,
        7.5,
        7.243589743589743,
        7.137305699481864,
        6.2048128342246,
        6.08918918918919,
        6.08918918918919,
        5.850276243093921,
        5.528795811518325,
        5.528795811518325,
        5.528795811518325,
        5.485714285714286,
        5.417989417989418,
        5.330434782608695,
        5.3048128342246015,
        5.023529411764706,
        4.95,
        4.909677419354839,
        3.57827868852459,
        3.2588235294117647,
        3.216891891891893,
        3.128278688524591,
        3.075,
        3.075,
        2.9213114754098357,
        2.810169491525424,
        2.796596858638743,
        2.62860962566845,
        2.5418918918918925,
        2.5418918918918925,
        2.5418918918918925,
        2.4532786885245903
      ],
      "confidence_distribution": []
    }
  },
  "performance_metrics": {
    "predictions_made": 0,
    "predictions_correct": 0,
    "total_edge_analyzed": 32,
    "avg_edge_found": 4.654588723173635,
    "games_analyzed": 0,
    "recommendations_generated": 32,
    "accuracy_by_market": {
      "moneyline": 10,
      "spreads": 22,
      "totals": 0,
      "props": 0
    },
    "edge_distribution": [
      9.256016042780752,
      7.5,
      7.243589743589743,
      7.137305699481864,
      6.2048128342246,
      6.08918918918919,
      6.08918918918919,
      5.850276243093921,
      5.528795811518325,
      5.528795811518325,
      5.528795811518325,
      5.485714285714286,
      5.417989417989418,
      5.330434782608695,
      5.3048128342246015,
      5.023529411764706,
      4.95,
      4.909677419354839,
      3.57827868852459,
      3.2588235294117647,
      3.216891891891893,
      3.128278688524591,
      3.075,
      3.075,
      2.9213114754098357,
      2.810169491525424,
      2.796596858638743,
      2.62860962566845,
      2.5418918918918925,
      2.5418918918918925,
      2.5418918918918925,
      2.4532786885245903
    ],
    "confidence_distribution": []
  }
}